{
  "metadata": {
    "source_file": "data/text/processed/bom-stylometric-features.json",
    "generated_at": "2026-02-02T05:11:40.972623+00:00",
    "random_seed": 42
  },
  "n_samples": 244,
  "n_features": 2753,
  "classes": [
    "JACOB",
    "MORMON",
    "MORONI",
    "NEPHI"
  ],
  "class_distribution": {
    "NEPHI": 39,
    "JACOB": 12,
    "MORMON": 171,
    "MORONI": 22
  },
  "cv_splits": 5,
  "classifiers": {
    "SVM (RBF)": {
      "accuracy": 0.13934426229508196,
      "accuracy_ci": [
        0.09825819672131157,
        0.18442622950819673
      ],
      "f1_macro": 0.06115107913669065,
      "f1_macro_ci": [
        0.04473349544412771,
        0.07785467128027682
      ],
      "f1_weighted": 0.1714235169241656,
      "confusion_matrix": [
        [
          0,
          12,
          0,
          0
        ],
        [
          0,
          34,
          0,
          137
        ],
        [
          0,
          22,
          0,
          0
        ],
        [
          0,
          39,
          0,
          0
        ]
      ],
      "classes": [
        "JACOB",
        "MORMON",
        "MORONI",
        "NEPHI"
      ],
      "n_splits": 5,
      "n_groups": 14
    },
    "SVM (Linear)": {
      "accuracy": 0.5,
      "accuracy_ci": [
        0.4385245901639344,
        0.5655737704918032
      ],
      "f1_macro": 0.20092289647509104,
      "f1_macro_ci": [
        0.17592845208856178,
        0.22885948589664232
      ],
      "f1_weighted": 0.5074713678945978,
      "confusion_matrix": [
        [
          0,
          4,
          0,
          8
        ],
        [
          11,
          117,
          4,
          39
        ],
        [
          0,
          16,
          0,
          6
        ],
        [
          7,
          26,
          1,
          5
        ]
      ],
      "classes": [
        "JACOB",
        "MORMON",
        "MORONI",
        "NEPHI"
      ],
      "n_splits": 5,
      "n_groups": 14
    },
    "Random Forest": {
      "accuracy": 0.430327868852459,
      "accuracy_ci": [
        0.36885245901639346,
        0.4918032786885246
      ],
      "f1_macro": 0.15572379994973612,
      "f1_macro_ci": [
        0.13771427294664404,
        0.17455638979076477
      ],
      "f1_weighted": 0.42477669650913197,
      "confusion_matrix": [
        [
          0,
          11,
          0,
          1
        ],
        [
          1,
          104,
          15,
          51
        ],
        [
          0,
          22,
          0,
          0
        ],
        [
          0,
          38,
          0,
          1
        ]
      ],
      "classes": [
        "JACOB",
        "MORMON",
        "MORONI",
        "NEPHI"
      ],
      "n_splits": 5,
      "n_groups": 14
    }
  },
  "top_features": [
    [
      "mfw_wherefore",
      0.03255445157761525
    ],
    [
      "mfw_therefore",
      0.019254843572658276
    ],
    [
      "char4_lord",
      0.012581907449297287
    ],
    [
      "char3_ to",
      0.009602213140166602
    ],
    [
      "char3_er ",
      0.009061081138133857
    ],
    [
      "mfw_this",
      0.007659166306134655
    ],
    [
      "mfw_upon",
      0.0071966501526622186
    ],
    [
      "mfw_my",
      0.007166548662891532
    ],
    [
      "mfw_now",
      0.006875055913789575
    ],
    [
      "mfw_after",
      0.006824756091706077
    ],
    [
      "char4_nd i",
      0.00601309915469328
    ],
    [
      "char3_of ",
      0.005722780970073055
    ],
    [
      "char2_on",
      0.005678957796765622
    ],
    [
      "char2_lo",
      0.005204414306078331
    ],
    [
      "char4_her ",
      0.005127310852099925
    ],
    [
      "char2_ri",
      0.005015704606322693
    ],
    [
      "char3_ord",
      0.004994863854660269
    ],
    [
      "char3_ lo",
      0.004927954583448448
    ],
    [
      "char2_l ",
      0.004877046093753038
    ],
    [
      "char3_ i ",
      0.0048158138813396
    ],
    [
      "char2_ u",
      0.004809772009529054
    ],
    [
      "char2_e ",
      0.004742922087074732
    ],
    [
      "char2_i ",
      0.004654701070928024
    ],
    [
      "char4_unto",
      0.004475340463090801
    ],
    [
      "vocab_ttr",
      0.004382693324243469
    ],
    [
      "char4_ my ",
      0.0043512830259470935
    ],
    [
      "char4_d th",
      0.004073906209918595
    ],
    [
      "char4_ to ",
      0.003989277576338801
    ],
    [
      "mfw_i",
      0.003968834317499631
    ],
    [
      "char4_all ",
      0.003968091859603344
    ]
  ]
}