{
  "metadata": {
    "generated_at": "2026-02-06T06:24:07.229609+00:00",
    "note": "Bootstrap CI not estimable per OSF Amendment #2"
  },
  "analyses": {
    "early": {
      "period": "Early Period (1894-1904)",
      "n_authors": 2,
      "authors": {
        "Tolstoy": 2,
        "Turgenev": 5
      },
      "accuracy": 0.6815808025994763,
      "chance": 0.5,
      "p_value": 0.14808519148085192,
      "null_mean": 0.42418206635110345,
      "null_std": 0.16362054433015452,
      "bootstrap_ci": "NOT_ESTIMABLE",
      "bootstrap_note": "See Amendment #2 - failure rate exceeds 5% threshold"
    },
    "late": {
      "period": "Late Period (1912-1918)",
      "n_authors": 3,
      "authors": {
        "Dostoevsky": 6,
        "Tolstoy": 2,
        "Chekhov": 4
      },
      "accuracy": 0.556058825613971,
      "chance": 0.3333333333333333,
      "p_value": 0.0058994100589941,
      "null_mean": 0.2835331173178497,
      "null_std": 0.08665466515393083,
      "bootstrap_ci": "NOT_ESTIMABLE",
      "bootstrap_note": "See Amendment #2 - failure rate exceeds 5% threshold"
    }
  }
}