{
  "metadata": {
    "generated_at": "2026-02-05T20:22:05.237361+00:00",
    "script_version": "2.0.0-optimized",
    "random_seed": 42,
    "n_permutations": 50,
    "n_successful": 50,
    "n_failed": 0
  },
  "observed_scores": {
    "A1": 0.27923231792717085,
    "A2": 0.18825757575757576,
    "A3": 0.3107638888888889,
    "A4": 0.26111111111111107,
    "A5": 0.24527777777777776,
    "A6": 0.23555555555555557
  },
  "permutation": {
    "corrected_p_value": 0.3137254901960784,
    "uncorrected_p_values": {
      "A4": 0.13725490196078433,
      "A6": 0.23529411764705882,
      "A2": 0.49019607843137253,
      "A5": 0.17647058823529413,
      "A1": 0.17647058823529413
    },
    "adjusted_p_values": {
      "A4": 0.37254901960784315,
      "A6": 0.43137254901960786,
      "A2": 0.6862745098039216,
      "A5": 0.4117647058823529,
      "A1": 0.3137254901960784
    },
    "observed_max": 0.27923231792717085,
    "null_max_mean": 0.23767910795631383,
    "null_max_std": 0.0924228118786953,
    "maxt_variants": [
      "A1",
      "A2",
      "A4",
      "A5",
      "A6"
    ],
    "excluded_variants": [
      "A3"
    ]
  }
}